Open Time (ET),Close Time (ET),Trading Date,Direction,Entry Price,Exit Price,Profit/Loss,Daily Running Total,Overall Running Total,Status
2025-01-02 09:35:01,2025-01-02 09:53:00,2025-01-02,Short,5951.50,5963.25,-587.50,-587.50,-587.50,Loss
2025-01-02 09:55:01,2025-01-02 10:21:00,2025-01-02,Long,5972.75,5959.50,-662.50,-1250.00,-1250.00,Loss
2025-01-02 10:22:01,2025-01-02 10:52:00,2025-01-02,Short,5955.25,5956.50,-62.50,-1312.50,-1312.50,Loss
2025-01-02 11:04:01,2025-01-02 11:24:00,2025-01-02,Short,5931.50,5941.50,-500.00,-1812.50,-1812.50,Loss
2025-01-02 12:24:01,2025-01-02 14:27:37,2025-01-02,Short,5938.25,5905.12,1656.74,-155.76,-155.76,Profit
2025-01-02 14:28:01,2025-01-02 14:37:00,2025-01-02,Long,5903.75,5894.75,-450.00,-605.76,-605.76,Loss
2025-01-02 14:53:01,2025-01-02 14:59:00,2025-01-02,Long,5910.00,5897.25,-637.50,-1243.26,-1243.26,Loss
2025-01-02 15:12:01,2025-01-02 15:37:00,2025-01-02,Long,5911.00,5909.50,-75.00,-1318.26,-1318.26,Loss
2025-01-03 09:40:01,2025-01-03 09:51:40,2025-01-03,Long,5964.50,5942.75,-1087.50,-1087.50,-2405.76,Loss
2025-01-03 10:06:01,2025-01-03 10:16:00,2025-01-03,Long,5962.00,5951.25,-537.50,-1625.00,-2943.26,Loss
2025-01-03 10:22:01,2025-01-03 10:30:00,2025-01-03,Short,5936.00,5952.25,-812.50,-2437.50,-3755.76,Loss
2025-01-03 11:27:01,2025-01-03 15:00:17,2025-01-03,Long,5964.00,5988.18,1208.95,-1228.55,-2546.81,Profit
2025-01-06 09:44:01,2025-01-06 12:19:14,2025-01-06,Long,6044.25,6058.10,692.48,692.48,-1854.33,Profit
2025-01-06 14:05:01,2025-01-06 14:23:00,2025-01-06,Short,6018.50,6025.00,-325.00,367.48,-2179.33,Loss
2025-01-07 10:02:01,2025-01-07 10:27:00,2025-01-07,Short,6008.00,6011.75,-187.50,-187.50,-2366.83,Loss
2025-01-07 10:27:01,2025-01-07 10:28:00,2025-01-07,Long,6011.75,6009.50,-112.50,-300.00,-2479.33,Loss
2025-01-07 10:40:01,2025-01-07 10:57:00,2025-01-07,Short,5976.50,5992.00,-775.00,-1075.00,-3254.33,Loss
2025-01-07 11:00:01,2025-01-07 11:16:00,2025-01-07,Long,6001.50,5991.75,-487.50,-1562.50,-3741.83,Loss
2025-01-07 13:03:01,2025-01-07 13:41:00,2025-01-07,Long,5978.25,5977.75,-25.00,-1587.50,-3766.83,Loss
2025-01-08 09:34:01,2025-01-08 09:52:00,2025-01-08,Short,5944.00,5950.50,-325.00,-325.00,-4091.83,Loss
2025-01-08 10:15:01,2025-01-08 10:36:00,2025-01-08,Short,5930.50,5940.50,-500.00,-825.00,-4591.83,Loss
2025-01-08 10:38:01,2025-01-08 10:47:00,2025-01-08,Long,5946.00,5937.75,-412.50,-1237.50,-5004.33,Loss
2025-01-08 12:29:01,2025-01-08 12:53:00,2025-01-08,Short,5923.75,5933.00,-462.50,-1700.00,-5466.83,Loss
2025-01-08 13:05:01,2025-01-08 13:52:00,2025-01-08,Long,5946.25,5947.00,37.50,-1662.50,-5429.33,Profit
2025-01-08 14:09:01,2025-01-08 14:37:00,2025-01-08,Long,5957.75,5953.75,-200.00,-1862.50,-5629.33,Loss
2025-01-08 14:41:01,2025-01-08 15:05:00,2025-01-08,Short,5952.50,5955.00,-125.00,-1987.50,-5754.33,Loss
2025-01-10 09:40:01,2025-01-10 10:38:17,2025-01-10,Short,5900.75,5887.55,659.85,659.85,-5094.48,Profit
2025-01-10 11:02:01,2025-01-10 11:44:00,2025-01-10,Short,5865.00,5863.75,62.50,722.35,-5031.98,Profit
2025-01-10 12:00:01,2025-01-10 12:20:00,2025-01-10,Short,5851.25,5855.25,-200.00,522.35,-5231.98,Loss
2025-01-10 12:31:01,2025-01-10 14:09:29,2025-01-10,Long,5860.25,5883.20,1147.74,1670.09,-4084.24,Profit
2025-01-10 14:10:01,2025-01-10 14:30:00,2025-01-10,Short,5880.75,5887.50,-337.50,1332.59,-4421.74,Loss
2025-01-10 15:14:01,2025-01-10 15:55:00,2025-01-10,Short,5872.50,5871.00,75.00,1407.59,-4346.74,Profit
2025-01-13 09:45:01,2025-01-13 10:15:00,2025-01-13,Long,5829.00,5828.25,-37.50,-37.50,-4384.24,Loss
2025-01-13 10:16:01,2025-01-13 10:19:00,2025-01-13,Short,5825.50,5835.75,-512.50,-550.00,-4896.74,Loss
2025-01-13 10:27:01,2025-01-13 10:37:00,2025-01-13,Short,5821.50,5833.75,-612.50,-1162.50,-5509.24,Loss
2025-01-13 10:39:01,2025-01-13 11:00:00,2025-01-13,Long,5838.75,5839.00,12.50,-1150.00,-5496.74,Profit
2025-01-13 11:06:01,2025-01-13 11:36:00,2025-01-13,Short,5831.50,5838.25,-337.50,-1487.50,-5834.24,Loss
2025-01-13 11:57:01,2025-01-13 12:10:00,2025-01-13,Short,5823.75,5832.25,-425.00,-1912.50,-6259.24,Loss
2025-01-13 12:11:01,2025-01-13 15:58:00,2025-01-13,Long,5832.50,5875.75,2162.50,250.00,-4096.74,Profit
2025-01-14 09:54:01,2025-01-14 10:09:00,2025-01-14,Short,5886.50,5899.50,-650.00,-650.00,-4746.74,Loss
2025-01-14 10:16:01,2025-01-14 10:24:00,2025-01-14,Long,5902.50,5897.25,-262.50,-912.50,-5009.24,Loss
2025-01-14 11:01:01,2025-01-14 11:26:00,2025-01-14,Short,5875.00,5873.25,87.50,-825.00,-4921.74,Profit
2025-01-14 11:28:01,2025-01-14 11:30:00,2025-01-14,Long,5876.50,5867.75,-437.50,-1262.50,-5359.24,Loss
2025-01-14 11:44:01,2025-01-14 12:12:00,2025-01-14,Short,5854.50,5857.75,-162.50,-1425.00,-5521.74,Loss
2025-01-14 15:03:01,2025-01-14 15:26:00,2025-01-14,Short,5856.25,5864.00,-387.50,-1812.50,-5909.24,Loss
2025-01-14 15:52:01,2025-01-14 15:58:00,2025-01-14,Long,5875.75,5878.75,150.00,-1662.50,-5759.24,Profit
2025-01-15 09:46:01,2025-01-15 10:37:00,2025-01-15,Long,5974.00,5976.00,100.00,100.00,-5659.24,Profit
2025-01-15 10:37:01,2025-01-15 11:06:00,2025-01-15,Short,5976.00,5979.75,-187.50,-87.50,-5846.74,Loss
2025-01-15 11:32:01,2025-01-15 12:03:00,2025-01-15,Short,5962.75,5966.25,-175.00,-262.50,-6021.74,Loss
2025-01-16 09:47:01,2025-01-16 10:19:00,2025-01-16,Short,5987.25,5986.00,62.50,62.50,-5959.24,Profit
2025-01-16 11:43:01,2025-01-16 11:54:00,2025-01-16,Short,5978.75,5990.50,-587.50,-525.00,-6546.74,Loss
2025-01-21 10:13:01,2025-01-21 10:28:00,2025-01-21,Short,6044.00,6056.75,-637.50,-637.50,-7184.24,Loss
2025-01-27 09:34:01,2025-01-27 10:07:00,2025-01-27,Long,6027.25,6025.75,-75.00,-75.00,-7259.24,Loss
2025-01-27 10:18:01,2025-01-27 10:25:00,2025-01-27,Short,6020.25,6033.00,-637.50,-712.50,-7896.74,Loss
2025-01-27 10:29:01,2025-01-27 10:52:00,2025-01-27,Long,6038.00,6038.00,0.00,-712.50,-7896.74,Loss
2025-01-27 11:01:01,2025-01-27 12:28:09,2025-01-27,Short,6030.75,6031.29,-26.91,-739.41,-7923.65,Loss
2025-01-27 12:34:01,2025-01-27 12:48:00,2025-01-27,Long,6030.00,6023.00,-350.00,-1089.41,-8273.65,Loss
2025-01-27 14:54:01,2025-01-27 15:13:00,2025-01-27,Short,6018.50,6027.00,-425.00,-1514.41,-8698.65,Loss
2025-01-28 09:47:01,2025-01-28 10:01:00,2025-01-28,Short,6029.00,6042.75,-687.50,-687.50,-9386.15,Loss
2025-01-28 10:02:01,2025-01-28 11:25:08,2025-01-28,Long,6049.25,6070.06,1040.50,353.00,-8345.65,Profit
2025-01-29 13:04:01,2025-01-29 13:25:00,2025-01-29,Short,6048.75,6067.00,-912.50,-912.50,-9258.15,Loss
2025-01-29 14:04:01,2025-01-29 14:33:00,2025-01-29,Short,6056.25,6060.00,-187.50,-1100.00,-9445.65,Loss
2025-01-29 14:33:01,2025-01-29 14:37:00,2025-01-29,Long,6060.00,6046.75,-662.50,-1762.50,-10108.15,Loss
2025-01-29 14:41:01,2025-01-29 15:04:00,2025-01-29,Long,6075.75,6064.25,-575.00,-2337.50,-10683.15,Loss
2025-01-29 15:24:01,2025-01-29 15:39:00,2025-01-29,Long,6079.75,6071.75,-400.00,-2737.50,-11083.15,Loss
2025-01-29 15:48:01,2025-01-29 15:58:00,2025-01-29,Short,6066.75,6071.50,-237.50,-2975.00,-11320.65,Loss
2025-01-30 09:56:01,2025-01-30 10:02:32,2025-01-30,Long,6107.00,6093.00,-700.00,-700.00,-12020.65,Loss
2025-01-30 10:04:01,2025-01-30 10:40:00,2025-01-30,Short,6083.75,6086.75,-150.00,-850.00,-12170.65,Loss
2025-01-30 10:56:01,2025-01-30 11:23:00,2025-01-30,Short,6068.50,6069.50,-50.00,-900.00,-12220.65,Loss
2025-01-30 11:26:01,2025-01-30 12:17:02,2025-01-30,Long,6076.25,6077.81,77.87,-822.13,-12142.78,Profit
2025-01-30 15:40:01,2025-01-30 15:56:00,2025-01-30,Short,6086.50,6104.00,-875.00,-1697.13,-13017.78,Loss
2025-01-30 15:56:01,2025-01-30 15:58:00,2025-01-30,Long,6104.00,6098.00,-300.00,-1997.13,-13317.78,Loss
2025-01-31 13:26:01,2025-01-31 15:58:00,2025-01-31,Short,6121.75,6069.75,2600.00,2600.00,-10717.78,Profit
2025-02-03 09:33:01,2025-02-03 09:49:00,2025-02-03,Long,5984.50,5973.00,-575.00,-575.00,-11292.78,Loss
2025-02-03 09:54:01,2025-02-03 10:23:00,2025-02-03,Short,5962.75,5974.50,-587.50,-1162.50,-11880.28,Loss
2025-02-03 10:23:01,2025-02-03 12:38:01,2025-02-03,Long,5974.50,6010.38,1793.85,631.35,-10086.43,Profit
2025-02-03 12:41:01,2025-02-03 12:52:00,2025-02-03,Short,6011.25,6020.00,-437.50,193.85,-10523.93,Loss
2025-02-04 10:03:01,2025-02-04 11:50:07,2025-02-04,Long,6041.75,6054.33,629.21,629.21,-9894.72,Profit
2025-02-05 10:05:01,2025-02-05 10:23:00,2025-02-05,Short,6031.50,6044.50,-650.00,-650.00,-10544.72,Loss
2025-02-05 10:28:01,2025-02-05 11:01:00,2025-02-05,Long,6048.00,6049.25,62.50,-587.50,-10482.22,Profit
2025-02-07 10:02:01,2025-02-07 13:15:18,2025-02-07,Short,6104.00,6077.94,1303.15,1303.15,-9179.07,Profit
2025-02-12 09:47:01,2025-02-12 10:04:00,2025-02-12,Long,6048.25,6040.50,-387.50,-387.50,-9566.57,Loss
2025-02-12 10:04:01,2025-02-12 10:19:00,2025-02-12,Short,6040.50,6049.25,-437.50,-825.00,-10004.07,Loss
2025-02-12 10:20:01,2025-02-12 11:09:00,2025-02-12,Long,6051.00,6053.00,100.00,-725.00,-9904.07,Profit
2025-02-12 11:13:01,2025-02-12 11:38:00,2025-02-12,Short,6048.50,6052.25,-187.50,-912.50,-10091.57,Loss
2025-02-20 10:01:01,2025-02-20 10:19:00,2025-02-20,Short,6108.50,6123.50,-750.00,-750.00,-10841.57,Loss
2025-02-21 14:32:01,2025-02-21 14:53:00,2025-02-21,Short,6031.75,6036.00,-212.50,-212.50,-11054.07,Loss
2025-02-24 09:50:01,2025-02-24 11:25:38,2025-02-24,Short,6035.75,6023.03,635.81,635.81,-10418.26,Profit
2025-02-24 15:55:01,2025-02-24 15:58:00,2025-02-24,Short,6004.25,6000.25,200.00,835.81,-10218.26,Profit
2025-02-25 09:50:01,2025-02-25 11:51:04,2025-02-25,Short,5988.50,5954.18,1715.93,1715.93,-8502.33,Profit
2025-02-25 11:57:01,2025-02-25 12:22:00,2025-02-25,Long,5956.75,5951.50,-262.50,1453.43,-8764.83,Loss
2025-02-25 13:40:01,2025-02-25 13:57:00,2025-02-25,Long,5984.75,5977.75,-350.00,1103.43,-9114.83,Loss
2025-02-25 14:39:01,2025-02-25 15:37:00,2025-02-25,Long,5976.00,5976.00,0.00,1103.43,-9114.83,Loss
2025-02-25 15:40:01,2025-02-25 15:58:00,2025-02-25,Short,5971.50,5974.75,-162.50,940.93,-9277.33,Loss
2025-02-26 09:50:01,2025-02-26 11:33:03,2025-02-26,Long,5999.50,6008.92,471.21,471.21,-8806.12,Profit
2025-02-26 12:41:01,2025-02-26 14:41:43,2025-02-26,Short,5998.25,5969.84,1420.25,1891.46,-7385.87,Profit
2025-02-26 15:46:01,2025-02-26 15:58:00,2025-02-26,Long,5978.50,5968.50,-500.00,1391.46,-7885.87,Loss
2025-02-27 09:37:01,2025-02-27 09:40:56,2025-02-27,Long,6005.75,5991.50,-712.50,-712.50,-8598.37,Loss
2025-02-27 09:43:01,2025-02-27 10:22:31,2025-02-27,Short,5984.25,5982.25,99.86,-612.64,-8498.51,Profit
2025-02-27 10:23:01,2025-02-27 10:36:00,2025-02-27,Long,5986.50,5966.25,-1012.50,-1625.14,-9511.01,Loss
2025-02-27 10:59:01,2025-02-27 11:12:00,2025-02-27,Short,5964.75,5972.50,-387.50,-2012.64,-9898.51,Loss
2025-02-27 11:29:01,2025-02-27 12:29:42,2025-02-27,Short,5967.75,5965.22,126.56,-1886.08,-9771.95,Profit
2025-02-27 12:30:01,2025-02-27 12:44:00,2025-02-27,Long,5965.75,5952.75,-650.00,-2536.08,-10421.95,Loss
2025-02-27 12:51:01,2025-02-27 12:55:00,2025-02-27,Short,5951.25,5958.75,-375.00,-2911.08,-10796.95,Loss
2025-02-27 13:03:01,2025-02-27 13:44:00,2025-02-27,Long,5968.75,5968.50,-12.50,-2923.58,-10809.45,Loss
2025-02-27 14:25:01,2025-02-27 15:58:00,2025-02-27,Short,5943.50,5877.25,3312.50,388.92,-7496.95,Profit
2025-02-28 09:33:01,2025-02-28 09:44:00,2025-02-28,Short,5863.50,5885.25,-1087.50,-1087.50,-8584.45,Loss
2025-02-28 10:29:01,2025-02-28 10:44:00,2025-02-28,Long,5906.25,5895.25,-550.00,-1637.50,-9134.45,Loss
2025-02-28 11:15:01,2025-02-28 11:38:00,2025-02-28,Short,5899.75,5900.00,-12.50,-1650.00,-9146.95,Loss
2025-02-28 11:43:01,2025-02-28 11:59:00,2025-02-28,Long,5905.00,5899.50,-275.00,-1925.00,-9421.95,Loss
2025-02-28 12:04:01,2025-02-28 12:15:00,2025-02-28,Short,5891.25,5899.50,-412.50,-2337.50,-9834.45,Loss
2025-02-28 12:37:01,2025-02-28 13:37:14,2025-02-28,Short,5887.75,5881.97,289.13,-2048.37,-9545.32,Profit
2025-02-28 13:58:01,2025-02-28 14:19:00,2025-02-28,Short,5866.00,5877.25,-562.50,-2610.87,-10107.82,Loss
2025-02-28 14:33:01,2025-02-28 15:58:00,2025-02-28,Long,5887.25,5962.25,3750.00,1139.13,-6357.82,Profit
2025-03-03 09:40:01,2025-03-03 10:45:00,2025-03-03,Short,5976.25,5974.25,100.00,100.00,-6257.82,Profit
2025-03-03 11:23:01,2025-03-03 11:29:00,2025-03-03,Long,5966.00,5949.75,-812.50,-712.50,-7070.32,Loss
2025-03-03 11:38:01,2025-03-03 11:51:00,2025-03-03,Short,5941.00,5954.25,-662.50,-1375.00,-7732.82,Loss
2025-03-03 12:55:01,2025-03-03 14:40:24,2025-03-03,Short,5946.00,5926.19,990.26,-384.74,-6742.56,Profit
2025-03-03 14:42:01,2025-03-03 14:50:00,2025-03-03,Long,5927.75,5909.00,-937.50,-1322.24,-7680.06,Loss
2025-03-03 14:53:01,2025-03-03 15:58:00,2025-03-03,Short,5891.00,5856.00,1750.00,427.76,-5930.06,Profit
2025-03-04 09:33:01,2025-03-04 11:56:52,2025-03-04,Short,5804.25,5785.82,921.47,921.47,-5008.59,Profit
2025-03-04 11:57:01,2025-03-04 12:53:00,2025-03-04,Long,5785.75,5782.25,-175.00,746.47,-5183.59,Loss
2025-03-04 13:10:01,2025-03-04 13:26:00,2025-03-04,Long,5806.75,5800.75,-300.00,446.47,-5483.59,Loss
2025-03-04 13:42:01,2025-03-04 15:32:02,2025-03-04,Long,5813.25,5840.22,1348.56,1795.03,-4135.03,Profit
2025-03-04 15:33:01,2025-03-04 15:58:00,2025-03-04,Short,5837.50,5792.50,2250.00,4045.03,-1885.03,Profit
2025-03-05 09:42:01,2025-03-05 09:51:00,2025-03-05,Long,5808.25,5793.00,-762.50,-762.50,-2647.53,Loss
2025-03-05 10:00:01,2025-03-05 10:00:08,2025-03-05,Short,5778.25,5806.25,-1400.00,-2162.50,-4047.53,Loss
2025-03-05 10:28:01,2025-03-05 10:38:00,2025-03-05,Short,5777.25,5791.25,-700.00,-2862.50,-4747.53,Loss
2025-03-05 10:40:01,2025-03-05 10:50:00,2025-03-05,Long,5800.25,5787.25,-650.00,-3512.50,-5397.53,Loss
2025-03-05 11:11:01,2025-03-05 11:58:00,2025-03-05,Short,5769.50,5774.50,-250.00,-3762.50,-5647.53,Loss
2025-03-05 11:59:01,2025-03-05 13:09:42,2025-03-05,Long,5785.75,5800.43,733.92,-3028.58,-4913.61,Profit
2025-03-05 13:10:01,2025-03-05 13:48:00,2025-03-05,Short,5803.50,5816.25,-637.50,-3666.08,-5551.11,Loss
2025-03-05 13:59:01,2025-03-05 15:17:48,2025-03-05,Long,5833.75,5844.81,553.04,-3113.04,-4998.07,Profit
2025-03-05 15:20:01,2025-03-05 15:30:00,2025-03-05,Short,5853.00,5861.50,-425.00,-3538.04,-5423.07,Loss
2025-03-06 09:33:01,2025-03-06 09:52:00,2025-03-06,Short,5766.50,5775.25,-437.50,-437.50,-5860.57,Loss
2025-03-06 10:05:01,2025-03-06 11:39:27,2025-03-06,Long,5781.50,5790.25,437.26,-0.24,-5423.31,Profit
2025-03-06 11:44:01,2025-03-06 14:48:13,2025-03-06,Short,5784.50,5747.63,1843.52,1843.28,-3579.79,Profit
2025-03-06 14:49:01,2025-03-06 15:00:00,2025-03-06,Long,5759.50,5729.00,-1525.00,318.28,-5104.79,Loss
2025-03-07 09:42:01,2025-03-07 10:13:00,2025-03-07,Long,5754.50,5756.25,87.50,87.50,-5017.29,Profit
2025-03-07 10:18:01,2025-03-07 12:33:49,2025-03-07,Short,5739.50,5706.50,1650.07,1737.57,-3367.22,Profit
2025-03-07 12:34:01,2025-03-07 15:37:45,2025-03-07,Long,5708.00,5760.80,2639.99,4377.56,-727.23,Profit
2025-03-07 15:39:01,2025-03-07 15:50:00,2025-03-07,Short,5754.75,5775.75,-1050.00,3327.56,-1777.23,Loss
2025-03-07 15:56:01,2025-03-07 15:58:00,2025-03-07,Long,5783.50,5781.50,-100.00,3227.56,-1877.23,Loss
2025-03-10 09:55:01,2025-03-10 11:37:11,2025-03-10,Short,5685.50,5682.00,175.04,175.04,-1702.19,Profit
2025-03-10 11:43:01,2025-03-10 12:31:00,2025-03-10,Short,5657.50,5657.25,12.50,187.54,-1689.69,Profit
2025-03-10 12:34:01,2025-03-10 12:39:46,2025-03-10,Long,5665.25,5644.00,-1062.50,-874.96,-2752.19,Loss
2025-03-10 13:07:01,2025-03-10 13:23:00,2025-03-10,Short,5636.25,5644.50,-412.50,-1287.46,-3164.69,Loss
2025-03-10 13:38:01,2025-03-10 14:16:00,2025-03-10,Short,5620.75,5624.00,-162.50,-1449.96,-3327.19,Loss
2025-03-10 14:42:01,2025-03-10 15:20:00,2025-03-10,Short,5602.75,5604.25,-75.00,-1524.96,-3402.19,Loss
2025-03-10 15:20:01,2025-03-10 15:58:00,2025-03-10,Long,5604.25,5619.75,775.00,-749.96,-2627.19,Profit
2025-03-11 09:35:01,2025-03-11 09:37:50,2025-03-11,Short,5604.75,5620.50,-787.50,-787.50,-3414.69,Loss
2025-03-11 09:50:01,2025-03-11 09:56:00,2025-03-11,Long,5630.00,5613.00,-850.00,-1637.50,-4264.69,Loss
2025-03-11 10:04:01,2025-03-11 11:08:00,2025-03-11,Short,5591.25,5589.50,87.50,-1550.00,-4177.19,Profit
2025-03-11 11:12:01,2025-03-11 11:59:00,2025-03-11,Long,5591.50,5590.00,-75.00,-1625.00,-4252.19,Loss
2025-03-11 12:00:01,2025-03-11 13:46:55,2025-03-11,Short,5586.50,5562.50,1199.84,-425.16,-3052.35,Profit
2025-03-11 13:47:01,2025-03-11 15:51:20,2025-03-11,Long,5562.25,5595.76,1675.42,1250.26,-1376.93,Profit
2025-03-11 15:54:01,2025-03-11 15:58:00,2025-03-11,Short,5589.25,5585.75,175.00,1425.26,-1201.93,Profit
2025-03-12 09:45:01,2025-03-12 11:32:13,2025-03-12,Short,5619.75,5588.49,1563.09,1563.09,361.16,Profit
2025-03-12 11:36:01,2025-03-12 12:43:39,2025-03-12,Long,5591.00,5600.87,493.48,2056.57,854.64,Profit
2025-03-12 12:45:01,2025-03-12 12:51:00,2025-03-12,Short,5603.00,5622.25,-962.50,1094.07,-107.86,Loss
2025-03-12 13:51:01,2025-03-12 14:30:00,2025-03-12,Short,5617.00,5616.00,50.00,1144.07,-57.86,Profit
2025-03-12 14:35:01,2025-03-12 15:02:00,2025-03-12,Long,5619.25,5613.25,-300.00,844.07,-357.86,Loss
2025-03-13 09:57:01,2025-03-13 10:10:00,2025-03-13,Short,5561.75,5577.00,-762.50,-762.50,-1120.36,Loss
2025-03-13 10:18:01,2025-03-13 10:36:00,2025-03-13,Long,5590.00,5582.50,-375.00,-1137.50,-1495.36,Loss
2025-03-13 10:39:01,2025-03-13 11:05:00,2025-03-13,Short,5577.00,5578.75,-87.50,-1225.00,-1582.86,Loss
2025-03-13 11:10:01,2025-03-13 14:07:33,2025-03-13,Short,5564.75,5531.50,1662.27,437.27,79.41,Profit
2025-03-13 14:09:01,2025-03-13 15:26:00,2025-03-13,Long,5533.00,5534.00,50.00,487.27,129.41,Profit
2025-03-13 15:28:01,2025-03-13 15:58:00,2025-03-13,Short,5527.00,5522.75,212.50,699.77,341.91,Profit
2025-03-14 09:37:01,2025-03-14 10:00:06,2025-03-14,Long,5585.25,5578.29,-348.11,-348.11,-6.20,Loss
2025-03-14 10:42:01,2025-03-14 12:17:17,2025-03-14,Long,5596.75,5612.94,809.66,461.55,803.46,Profit
2025-03-14 12:20:01,2025-03-14 12:37:00,2025-03-14,Short,5615.75,5626.25,-525.00,-63.45,278.46,Loss
2025-03-14 12:39:01,2025-03-14 13:15:00,2025-03-14,Long,5628.00,5629.75,87.50,24.05,365.96,Profit
2025-03-14 15:55:01,2025-03-14 15:58:00,2025-03-14,Long,5644.75,5646.00,62.50,86.55,428.46,Profit
2025-03-17 09:36:01,2025-03-17 10:04:00,2025-03-17,Long,5710.00,5706.50,-175.00,-175.00,253.46,Loss
2025-03-17 10:04:01,2025-03-17 10:11:00,2025-03-17,Short,5706.50,5715.75,-462.50,-637.50,-209.04,Loss
2025-03-17 10:31:01,2025-03-17 10:43:00,2025-03-17,Short,5705.75,5712.50,-337.50,-975.00,-546.54,Loss
2025-03-17 10:57:01,2025-03-17 11:16:00,2025-03-17,Short,5703.25,5707.50,-212.50,-1187.50,-759.04,Loss
2025-03-17 11:35:01,2025-03-17 11:53:00,2025-03-17,Short,5694.50,5702.25,-387.50,-1575.00,-1146.54,Loss
2025-03-17 12:08:01,2025-03-17 12:22:00,2025-03-17,Long,5710.75,5703.50,-362.50,-1937.50,-1509.04,Loss
2025-03-17 15:57:01,2025-03-17 15:58:00,2025-03-17,Short,5735.25,5738.00,-137.50,-2075.00,-1646.54,Loss
2025-03-18 09:38:01,2025-03-18 12:15:14,2025-03-18,Short,5691.75,5671.80,997.67,997.67,-648.87,Profit
2025-03-18 12:44:01,2025-03-18 13:00:00,2025-03-18,Short,5664.75,5668.75,-200.00,797.67,-848.87,Loss
2025-03-18 13:01:01,2025-03-18 13:07:00,2025-03-18,Long,5669.50,5661.50,-400.00,397.67,-1248.87,Loss
2025-03-18 14:05:01,2025-03-18 14:22:00,2025-03-18,Short,5660.75,5669.00,-412.50,-14.83,-1661.37,Loss
2025-03-18 14:53:01,2025-03-18 15:01:00,2025-03-18,Long,5680.75,5669.00,-587.50,-602.33,-2248.87,Loss
2025-03-19 09:53:01,2025-03-19 10:53:00,2025-03-19,Long,5695.00,5696.75,87.50,87.50,-2161.37,Profit
2025-03-19 14:03:01,2025-03-19 15:28:52,2025-03-19,Long,5702.50,5730.90,1420.16,1507.66,-741.21,Profit
2025-03-19 15:29:01,2025-03-19 15:42:00,2025-03-19,Short,5729.50,5748.50,-950.00,557.66,-1691.21,Loss
2025-03-20 09:36:01,2025-03-20 11:31:27,2025-03-20,Long,5704.75,5742.56,1890.74,1890.74,199.53,Profit
2025-03-20 11:35:01,2025-03-20 11:44:00,2025-03-20,Short,5741.00,5749.25,-412.50,1478.24,-212.97,Loss
2025-03-20 11:48:01,2025-03-20 11:58:00,2025-03-20,Long,5752.75,5743.75,-450.00,1028.24,-662.97,Loss
2025-03-20 12:02:01,2025-03-20 14:53:40,2025-03-20,Short,5741.75,5714.03,1386.23,2414.47,723.26,Profit
2025-03-20 15:30:01,2025-03-20 15:37:00,2025-03-20,Short,5704.75,5716.00,-562.50,1851.97,160.76,Loss
2025-03-21 10:12:01,2025-03-21 10:20:00,2025-03-21,Short,5654.00,5666.50,-625.00,-625.00,-464.24,Loss
2025-03-21 10:24:01,2025-03-21 10:40:00,2025-03-21,Long,5673.00,5665.00,-400.00,-1025.00,-864.24,Loss
2025-03-21 11:04:01,2025-03-21 11:16:00,2025-03-21,Long,5689.25,5673.75,-775.00,-1800.00,-1639.24,Loss
2025-03-21 11:16:01,2025-03-21 12:07:00,2025-03-21,Short,5673.75,5673.75,0.00,-1800.00,-1639.24,Loss
2025-03-21 12:11:01,2025-03-21 13:31:09,2025-03-21,Long,5678.50,5690.56,603.04,-1196.96,-1036.20,Profit
2025-03-24 09:47:01,2025-03-24 10:10:00,2025-03-24,Long,5797.75,5795.75,-100.00,-100.00,-1136.20,Loss
2025-03-26 09:58:01,2025-03-26 10:36:00,2025-03-26,Short,5808.00,5806.50,75.00,75.00,-1061.20,Profit
2025-03-26 11:57:01,2025-03-26 12:29:00,2025-03-26,Short,5776.50,5780.00,-175.00,-100.00,-1236.20,Loss
2025-03-26 15:51:01,2025-03-26 15:58:00,2025-03-26,Long,5764.25,5761.25,-150.00,-250.00,-1386.20,Loss
2025-03-27 09:36:01,2025-03-27 09:51:00,2025-03-27,Short,5731.00,5741.25,-512.50,-512.50,-1898.70,Loss
2025-03-27 09:55:01,2025-03-27 11:33:43,2025-03-27,Long,5748.50,5762.17,683.70,171.20,-1215.00,Profit
2025-03-27 14:15:01,2025-03-27 14:57:00,2025-03-27,Long,5755.50,5752.75,-137.50,33.70,-1352.50,Loss
2025-03-27 15:00:01,2025-03-27 15:11:00,2025-03-27,Short,5746.25,5755.00,-437.50,-403.80,-1790.00,Loss
2025-03-27 15:52:01,2025-03-27 15:58:00,2025-03-27,Short,5749.00,5746.50,125.00,-278.80,-1665.00,Profit
2025-03-28 09:34:01,2025-03-28 09:39:00,2025-03-28,Short,5713.25,5729.75,-825.00,-825.00,-2490.00,Loss
2025-03-28 09:56:01,2025-03-28 14:12:00,2025-03-28,Short,5708.25,5635.14,3655.44,2830.44,1165.44,Profit
2025-03-28 15:56:01,2025-03-28 15:58:00,2025-03-28,Long,5630.75,5627.25,-175.00,2655.44,990.44,Loss
2025-03-31 09:42:01,2025-03-31 09:55:00,2025-03-31,Short,5546.50,5558.25,-587.50,-587.50,402.94,Loss
2025-03-31 09:56:01,2025-03-31 10:20:00,2025-03-31,Long,5563.75,5562.75,-50.00,-637.50,352.94,Loss
2025-03-31 10:24:01,2025-03-31 10:33:00,2025-03-31,Short,5560.75,5571.50,-537.50,-1175.00,-184.56,Loss
2025-03-31 10:35:01,2025-03-31 11:15:00,2025-03-31,Long,5582.50,5579.50,-150.00,-1325.00,-334.56,Loss
2025-03-31 11:24:01,2025-03-31 12:06:00,2025-03-31,Long,5596.25,5597.50,62.50,-1262.50,-272.06,Profit
2025-03-31 12:08:01,2025-03-31 12:22:00,2025-03-31,Short,5593.00,5597.00,-200.00,-1462.50,-472.06,Loss
2025-03-31 12:27:01,2025-03-31 12:57:00,2025-03-31,Long,5602.75,5601.75,-50.00,-1512.50,-522.06,Loss
2025-03-31 13:22:01,2025-03-31 13:39:00,2025-03-31,Short,5599.00,5606.50,-375.00,-1887.50,-897.06,Loss
2025-03-31 14:03:01,2025-03-31 15:58:00,2025-03-31,Long,5610.00,5661.25,2562.50,675.00,1665.44,Profit
2025-04-01 09:38:01,2025-04-01 09:48:00,2025-04-01,Short,5626.25,5642.75,-825.00,-825.00,840.44,Loss
2025-04-01 09:49:01,2025-04-01 10:00:00,2025-04-01,Long,5648.25,5636.50,-587.50,-1412.50,252.94,Loss
2025-04-01 10:08:01,2025-04-01 10:31:00,2025-04-01,Short,5620.00,5619.00,50.00,-1362.50,302.94,Profit
2025-04-01 10:40:01,2025-04-01 12:30:03,2025-04-01,Long,5635.00,5671.30,1814.95,452.45,2117.89,Profit
2025-04-01 12:31:01,2025-04-01 12:53:00,2025-04-01,Short,5666.75,5674.75,-400.00,52.45,1717.89,Loss
2025-04-01 12:53:01,2025-04-01 13:07:00,2025-04-01,Long,5674.75,5665.50,-462.50,-410.05,1255.39,Loss
2025-04-01 14:01:01,2025-04-01 15:05:36,2025-04-01,Short,5652.00,5646.51,274.69,-135.36,1530.08,Profit
2025-04-01 15:06:01,2025-04-01 15:58:00,2025-04-01,Long,5646.75,5672.00,1262.50,1127.14,2792.58,Profit
2025-04-02 09:35:01,2025-04-02 11:48:05,2025-04-02,Long,5632.25,5680.54,2414.42,2414.42,5207.00,Profit
2025-04-02 11:50:01,2025-04-02 12:03:00,2025-04-02,Short,5681.25,5690.50,-462.50,1951.92,4744.50,Loss
2025-04-02 12:18:01,2025-04-02 13:37:09,2025-04-02,Long,5700.25,5715.36,755.59,2707.51,5500.09,Profit
2025-04-02 13:38:01,2025-04-02 15:34:18,2025-04-02,Short,5714.00,5706.96,351.81,3059.32,5851.90,Profit
2025-04-02 15:35:01,2025-04-02 15:58:00,2025-04-02,Long,5706.00,5720.00,700.00,3759.32,6551.90,Profit
2025-04-03 09:33:01,2025-04-03 09:48:00,2025-04-03,Long,5530.75,5512.25,-925.00,-925.00,5626.90,Loss
2025-04-03 09:58:01,2025-04-03 11:34:31,2025-04-03,Short,5504.75,5489.03,786.08,-138.92,6412.98,Profit
2025-04-03 11:39:01,2025-04-03 11:52:00,2025-04-03,Long,5493.50,5481.50,-600.00,-738.92,5812.98,Loss
2025-04-03 12:20:01,2025-04-03 12:35:00,2025-04-03,Long,5516.00,5502.50,-675.00,-1413.92,5137.98,Loss
2025-04-03 12:55:01,2025-04-03 13:39:00,2025-04-03,Short,5494.00,5495.00,-50.00,-1463.92,5087.98,Loss
2025-04-03 13:47:01,2025-04-03 13:52:00,2025-04-03,Long,5496.75,5485.75,-550.00,-2013.92,4537.98,Loss
2025-04-03 13:59:01,2025-04-03 14:42:00,2025-04-03,Short,5479.75,5479.00,37.50,-1976.42,4575.48,Profit
2025-04-03 15:17:01,2025-04-03 15:58:00,2025-04-03,Short,5456.00,5436.25,987.50,-988.92,5562.98,Profit
2025-04-04 09:42:01,2025-04-04 09:54:00,2025-04-04,Short,5255.50,5283.75,-1412.50,-1412.50,4150.48,Loss
2025-04-04 10:19:01,2025-04-04 11:02:00,2025-04-04,Short,5237.50,5237.75,-12.50,-1425.00,4137.98,Loss
2025-04-04 11:03:01,2025-04-04 11:28:00,2025-04-04,Long,5246.00,5228.75,-862.50,-2287.50,3275.48,Loss
2025-04-04 11:30:01,2025-04-04 11:50:00,2025-04-04,Short,5217.25,5231.25,-700.00,-2987.50,2575.48,Loss
2025-04-04 12:19:01,2025-04-04 12:41:00,2025-04-04,Short,5188.00,5189.00,-50.00,-3037.50,2525.48,Loss
2025-04-04 13:13:01,2025-04-04 13:27:00,2025-04-04,Short,5151.25,5168.25,-850.00,-3887.50,1675.48,Loss
2025-04-04 13:37:01,2025-04-04 14:09:00,2025-04-04,Long,5182.00,5181.25,-37.50,-3925.00,1637.98,Loss
2025-04-04 14:15:01,2025-04-04 15:22:51,2025-04-04,Short,5168.75,5160.00,437.75,-3487.25,2075.73,Profit
2025-04-04 15:26:01,2025-04-04 15:49:00,2025-04-04,Long,5167.00,5154.50,-625.00,-4112.25,1450.73,Loss
2025-04-04 15:50:01,2025-04-04 15:58:00,2025-04-04,Short,5150.50,5105.25,2262.50,-1849.75,3713.23,Profit
2025-04-07 09:33:01,2025-04-07 09:51:00,2025-04-07,Short,4920.75,4940.00,-962.50,-962.50,2750.73,Loss
2025-04-07 09:52:01,2025-04-07 11:14:42,2025-04-07,Long,4940.25,5012.11,3593.03,2630.53,6343.76,Profit
2025-04-07 11:16:01,2025-04-07 11:38:00,2025-04-07,Short,5001.00,5045.50,-2225.00,405.53,4118.76,Loss
2025-04-07 11:42:01,2025-04-07 12:00:00,2025-04-07,Long,5078.00,5045.50,-1625.00,-1219.47,2493.76,Loss
2025-04-07 12:10:01,2025-04-07 12:27:00,2025-04-07,Short,5014.75,5051.25,-1825.00,-3044.47,668.76,Loss
2025-04-07 13:24:01,2025-04-07 14:56:00,2025-04-07,Long,5084.00,5082.00,-100.00,-3144.47,568.76,Loss
2025-04-07 14:56:01,2025-04-07 15:33:00,2025-04-07,Short,5082.00,5098.75,-837.50,-3981.97,-268.74,Loss
2025-04-07 15:34:01,2025-04-07 15:44:00,2025-04-07,Long,5107.00,5071.75,-1762.50,-5744.47,-2031.24,Loss
2025-04-08 09:37:01,2025-04-08 09:46:00,2025-04-08,Short,5240.00,5256.50,-825.00,-825.00,-2856.24,Loss
2025-04-08 10:04:01,2025-04-08 10:32:00,2025-04-08,Long,5291.50,5283.25,-412.50,-1237.50,-3268.74,Loss
2025-04-08 10:52:01,2025-04-08 15:58:00,2025-04-08,Short,5259.50,5006.50,12650.00,11412.50,9381.26,Profit
2025-04-09 09:40:01,2025-04-09 10:10:00,2025-04-09,Long,5045.25,5033.75,-575.00,-575.00,8806.26,Loss
2025-04-09 10:51:01,2025-04-09 11:09:00,2025-04-09,Short,5011.25,5017.50,-312.50,-887.50,8493.76,Loss
2025-04-09 11:12:01,2025-04-09 11:36:00,2025-04-09,Long,5022.50,5013.00,-475.00,-1362.50,8018.76,Loss
2025-04-09 11:42:01,2025-04-09 11:50:00,2025-04-09,Short,5003.50,5026.00,-1125.00,-2487.50,6893.76,Loss
2025-04-09 12:12:01,2025-04-09 13:18:53,2025-04-09,Long,5032.50,5029.48,-150.87,-2638.37,6742.89,Loss
2025-04-09 13:21:01,2025-04-09 15:58:00,2025-04-09,Long,5251.50,5492.00,12025.00,9386.63,18767.89,Profit
2025-04-10 09:42:01,2025-04-10 09:51:00,2025-04-10,Short,5349.50,5386.25,-1837.50,-1837.50,16930.39,Loss
2025-04-10 10:50:01,2025-04-10 11:11:00,2025-04-10,Short,5337.25,5336.25,50.00,-1787.50,16980.39,Profit
2025-04-10 11:18:01,2025-04-10 13:00:57,2025-04-10,Short,5310.00,5263.20,2340.21,552.71,19320.60,Profit
2025-04-10 13:12:01,2025-04-10 13:28:00,2025-04-10,Short,5200.50,5238.00,-1875.00,-1322.29,17445.60,Loss
2025-04-10 13:29:01,2025-04-10 15:29:37,2025-04-10,Long,5242.25,5277.50,1762.31,440.02,19207.91,Profit
2025-04-10 15:38:01,2025-04-10 15:53:00,2025-04-10,Short,5277.25,5295.00,-887.50,-447.48,18320.41,Loss
2025-04-10 15:53:01,2025-04-10 15:58:00,2025-04-10,Long,5295.00,5312.25,862.50,415.02,19182.91,Profit
2025-04-11 09:47:01,2025-04-11 10:03:00,2025-04-11,Long,5322.75,5299.00,-1187.50,-1187.50,17995.41,Loss
2025-04-11 10:22:01,2025-04-11 10:37:00,2025-04-11,Short,5276.25,5294.25,-900.00,-2087.50,17095.41,Loss
2025-04-11 10:46:01,2025-04-11 10:59:00,2025-04-11,Long,5308.75,5289.50,-962.50,-3050.00,16132.91,Loss
2025-04-11 11:38:01,2025-04-11 15:58:00,2025-04-11,Long,5295.25,5397.00,5087.50,2037.50,21220.41,Profit
2025-04-14 09:34:01,2025-04-14 10:04:00,2025-04-14,Short,5475.75,5477.25,-75.00,-75.00,21145.41,Loss
2025-04-14 11:07:01,2025-04-14 13:53:55,2025-04-14,Short,5466.00,5444.63,1068.47,993.47,22213.88,Profit
2025-04-14 13:56:01,2025-04-14 15:50:23,2025-04-14,Long,5442.00,5451.96,498.18,1491.65,22712.06,Profit
2025-04-14 15:55:01,2025-04-14 15:58:00,2025-04-14,Short,5449.50,5438.00,575.00,2066.65,23287.06,Profit
2025-04-15 09:33:01,2025-04-15 10:19:00,2025-04-15,Long,5457.25,5453.75,-175.00,-175.00,23112.06,Loss
2025-04-15 10:20:01,2025-04-15 10:43:00,2025-04-15,Short,5446.25,5459.25,-650.00,-825.00,22462.06,Loss
2025-04-15 12:04:01,2025-04-15 12:14:00,2025-04-15,Long,5466.50,5458.00,-425.00,-1250.00,22037.06,Loss
2025-04-15 12:54:01,2025-04-15 15:58:00,2025-04-15,Short,5449.75,5430.50,962.50,-287.50,22999.56,Profit
2025-04-16 09:53:01,2025-04-16 10:23:00,2025-04-16,Short,5358.50,5361.50,-150.00,-150.00,22849.56,Loss
2025-04-16 11:24:01,2025-04-16 11:43:00,2025-04-16,Long,5386.75,5383.25,-175.00,-325.00,22674.56,Loss
2025-04-16 11:48:01,2025-04-16 15:50:01,2025-04-16,Short,5378.75,5282.84,4795.66,4470.66,27470.22,Profit
2025-04-16 15:52:01,2025-04-16 15:58:00,2025-04-16,Long,5299.25,5307.75,425.00,4895.66,27895.22,Profit
2025-04-17 09:55:01,2025-04-17 10:09:00,2025-04-17,Long,5335.00,5323.25,-587.50,-587.50,27307.72,Loss
2025-04-17 10:29:01,2025-04-17 10:48:00,2025-04-17,Short,5302.25,5304.00,-87.50,-675.00,27220.22,Loss
2025-04-17 11:09:01,2025-04-17 11:29:00,2025-04-17,Long,5324.00,5314.75,-462.50,-1137.50,26757.72,Loss
2025-04-17 11:30:01,2025-04-17 11:31:00,2025-04-17,Short,5314.00,5321.00,-350.00,-1487.50,26407.72,Loss
2025-04-17 12:45:01,2025-04-17 12:52:00,2025-04-17,Short,5328.25,5337.50,-462.50,-1950.00,25945.22,Loss
2025-04-17 12:57:01,2025-04-17 13:11:00,2025-04-17,Long,5349.25,5342.25,-350.00,-2300.00,25595.22,Loss
2025-04-17 13:13:01,2025-04-17 13:37:00,2025-04-17,Short,5336.00,5336.25,-12.50,-2312.50,25582.72,Loss
2025-04-17 13:48:01,2025-04-17 14:30:00,2025-04-17,Long,5346.25,5347.25,50.00,-2262.50,25632.72,Profit
2025-04-17 14:51:01,2025-04-17 15:58:00,2025-04-17,Short,5335.75,5310.75,1250.00,-1012.50,26882.72,Profit
2025-04-21 09:46:01,2025-04-21 12:37:49,2025-04-21,Short,5239.00,5171.59,3370.38,3370.38,30253.10,Profit
2025-04-21 13:04:01,2025-04-21 13:33:00,2025-04-21,Short,5146.25,5146.50,-12.50,3357.88,30240.60,Loss
2025-04-21 15:37:01,2025-04-21 15:58:00,2025-04-21,Long,5159.25,5189.00,1487.50,4845.38,31728.10,Profit
2025-04-22 09:44:01,2025-04-22 11:42:24,2025-04-22,Long,5257.00,5287.00,1500.07,1500.07,33228.17,Profit
2025-04-22 12:01:01,2025-04-22 12:41:00,2025-04-22,Long,5323.25,5324.75,75.00,1575.07,33303.17,Profit
2025-04-22 12:42:01,2025-04-22 13:09:00,2025-04-22,Short,5323.25,5329.50,-312.50,1262.57,32990.67,Loss
2025-04-22 13:12:01,2025-04-22 14:21:44,2025-04-22,Short,5303.25,5294.12,456.41,1718.98,33447.08,Profit
2025-04-22 14:24:01,2025-04-22 15:17:00,2025-04-22,Long,5300.00,5301.75,87.50,1806.48,33534.58,Profit
2025-04-22 15:19:01,2025-04-22 15:44:00,2025-04-22,Short,5295.00,5306.25,-562.50,1243.98,32972.08,Loss
2025-04-22 15:44:01,2025-04-22 15:58:00,2025-04-22,Long,5306.25,5319.00,637.50,1881.48,33609.58,Profit
2025-04-23 09:34:01,2025-04-23 09:36:43,2025-04-23,Long,5458.25,5445.00,-662.50,-662.50,32947.08,Loss
2025-04-23 10:56:01,2025-04-23 12:57:19,2025-04-23,Short,5475.75,5425.39,2517.93,1855.43,35465.01,Profit
2025-04-23 13:00:01,2025-04-23 13:00:04,2025-04-23,Long,5428.00,5409.00,-950.00,905.43,34515.01,Loss
2025-04-23 13:09:01,2025-04-23 13:31:00,2025-04-23,Long,5437.50,5432.00,-275.00,630.43,34240.01,Loss
2025-04-23 13:35:01,2025-04-23 13:55:00,2025-04-23,Short,5421.25,5428.75,-375.00,255.43,33865.01,Loss
2025-04-23 13:55:01,2025-04-23 14:07:00,2025-04-23,Long,5428.75,5423.00,-287.50,-32.07,33577.51,Loss
2025-04-23 14:29:01,2025-04-23 14:59:00,2025-04-23,Short,5413.50,5416.25,-137.50,-169.57,33440.01,Loss
2025-04-23 15:25:01,2025-04-23 15:34:00,2025-04-23,Short,5389.00,5402.25,-662.50,-832.07,32777.51,Loss
2025-04-23 15:54:01,2025-04-23 15:58:00,2025-04-23,Long,5410.75,5409.75,-50.00,-882.07,32727.51,Loss
2025-04-24 09:44:01,2025-04-24 15:04:17,2025-04-24,Long,5422.50,5498.80,3815.13,3815.13,36542.64,Profit
2025-04-25 09:37:01,2025-04-25 09:46:49,2025-04-25,Long,5521.50,5502.00,-975.00,-975.00,35567.64,Loss
2025-04-25 09:48:01,2025-04-25 10:07:00,2025-04-25,Short,5499.75,5506.75,-350.00,-1325.00,35217.64,Loss
2025-04-25 10:09:01,2025-04-25 10:22:00,2025-04-25,Long,5514.00,5497.25,-837.50,-2162.50,34380.14,Loss
2025-04-25 10:23:01,2025-04-25 10:41:00,2025-04-25,Short,5488.25,5508.25,-1000.00,-3162.50,33380.14,Loss
2025-04-25 11:39:01,2025-04-25 11:52:00,2025-04-25,Short,5501.50,5509.75,-412.50,-3575.00,32967.64,Loss
2025-04-25 13:40:01,2025-04-25 14:07:00,2025-04-25,Short,5533.50,5532.25,62.50,-3512.50,33030.14,Profit
2025-04-25 14:24:01,2025-04-25 14:53:00,2025-04-25,Long,5544.75,5538.25,-325.00,-3837.50,32705.14,Loss
2025-04-25 15:42:01,2025-04-25 15:51:00,2025-04-25,Short,5532.50,5546.00,-675.00,-4512.50,32030.14,Loss
2025-04-25 15:53:01,2025-04-25 15:58:00,2025-04-25,Long,5547.25,5550.75,175.00,-4337.50,32205.14,Profit
2025-04-28 09:43:01,2025-04-28 09:55:00,2025-04-28,Long,5571.25,5560.00,-562.50,-562.50,31642.64,Loss
2025-04-28 09:59:01,2025-04-28 10:19:00,2025-04-28,Short,5546.75,5555.50,-437.50,-1000.00,31205.14,Loss
2025-04-28 10:32:01,2025-04-28 10:38:00,2025-04-28,Short,5543.00,5556.75,-687.50,-1687.50,30517.64,Loss
2025-04-28 11:08:01,2025-04-28 13:53:36,2025-04-28,Short,5541.75,5514.65,1355.02,-332.48,31872.66,Profit
2025-04-28 15:53:01,2025-04-28 15:58:00,2025-04-28,Long,5564.75,5562.00,-137.50,-469.98,31735.16,Loss
2025-04-29 09:33:01,2025-04-29 10:27:00,2025-04-29,Long,5539.75,5539.75,0.00,0.00,31735.16,Loss
2025-04-29 10:27:01,2025-04-29 10:37:00,2025-04-29,Short,5539.75,5558.00,-912.50,-912.50,30822.66,Loss
2025-04-29 10:47:01,2025-04-29 11:14:00,2025-04-29,Long,5563.50,5561.75,-87.50,-1000.00,30735.16,Loss
2025-04-29 11:20:01,2025-04-29 11:30:00,2025-04-29,Short,5556.75,5565.00,-412.50,-1412.50,30322.66,Loss
2025-04-29 12:49:01,2025-04-29 13:16:00,2025-04-29,Short,5555.25,5557.75,-125.00,-1537.50,30197.66,Loss
2025-04-29 13:20:01,2025-04-29 15:58:00,2025-04-29,Long,5568.75,5588.00,962.50,-575.00,31160.16,Profit
2025-04-30 09:38:01,2025-04-30 10:15:00,2025-04-30,Short,5490.75,5490.00,37.50,37.50,31197.66,Profit
2025-04-30 10:15:01,2025-04-30 12:36:27,2025-04-30,Long,5490.00,5516.02,1301.23,1338.73,32498.89,Profit
2025-04-30 12:42:01,2025-04-30 13:07:00,2025-04-30,Long,5534.25,5527.75,-325.00,1013.73,32173.89,Loss
2025-04-30 13:11:01,2025-04-30 13:24:00,2025-04-30,Short,5518.25,5529.00,-537.50,476.23,31636.39,Loss
2025-04-30 13:35:01,2025-04-30 14:01:00,2025-04-30,Long,5549.00,5542.00,-350.00,126.23,31286.39,Loss
2025-04-30 14:37:01,2025-04-30 14:51:00,2025-04-30,Short,5539.00,5549.50,-525.00,-398.77,30761.39,Loss
2025-04-30 15:44:01,2025-04-30 15:58:00,2025-04-30,Long,5552.75,5595.50,2137.50,1738.73,32898.89,Profit
2025-05-01 09:34:01,2025-05-01 09:47:00,2025-05-01,Short,5634.00,5645.00,-550.00,-550.00,32348.89,Loss
2025-05-01 10:41:01,2025-05-01 11:32:00,2025-05-01,Long,5667.75,5669.00,62.50,-487.50,32411.39,Profit
2025-05-01 11:56:01,2025-05-01 12:32:00,2025-05-01,Short,5646.50,5646.00,25.00,-462.50,32436.39,Profit
2025-05-01 13:04:01,2025-05-01 13:41:00,2025-05-01,Long,5649.00,5650.00,50.00,-412.50,32486.39,Profit
2025-05-01 15:52:01,2025-05-01 15:58:00,2025-05-01,Short,5645.00,5630.50,725.00,312.50,33211.39,Profit
2025-05-02 09:38:01,2025-05-02 10:04:00,2025-05-02,Short,5679.25,5685.00,-287.50,-287.50,32923.89,Loss
2025-05-02 10:30:01,2025-05-02 10:43:00,2025-05-02,Long,5703.25,5691.75,-575.00,-862.50,32348.89,Loss
2025-05-02 12:03:01,2025-05-02 12:31:00,2025-05-02,Long,5715.25,5714.25,-50.00,-912.50,32298.89,Loss
2025-05-05 10:02:01,2025-05-05 10:34:00,2025-05-05,Long,5679.75,5671.75,-400.00,-400.00,31898.89,Loss
2025-05-05 10:41:01,2025-05-05 11:35:00,2025-05-05,Long,5681.25,5682.25,50.00,-350.00,31948.89,Profit
2025-05-06 09:51:01,2025-05-06 10:07:00,2025-05-06,Short,5613.50,5619.25,-287.50,-287.50,31661.39,Loss
2025-05-06 10:10:01,2025-05-06 11:53:44,2025-05-06,Long,5624.00,5641.24,862.25,574.75,32523.64,Profit
2025-05-06 12:14:01,2025-05-06 12:25:00,2025-05-06,Long,5662.75,5642.75,-1000.00,-425.25,31523.64,Loss
2025-05-06 12:51:01,2025-05-06 13:09:00,2025-05-06,Short,5633.75,5639.75,-300.00,-725.25,31223.64,Loss
2025-05-06 15:56:01,2025-05-06 15:58:00,2025-05-06,Short,5636.25,5637.00,-37.50,-762.75,31186.14,Loss
2025-05-07 10:55:01,2025-05-07 11:32:00,2025-05-07,Short,5630.25,5629.50,37.50,37.50,31223.64,Profit
2025-05-07 11:44:01,2025-05-07 11:48:51,2025-05-07,Long,5637.25,5624.00,-662.50,-625.00,30561.14,Loss
2025-05-07 13:55:01,2025-05-07 14:34:00,2025-05-07,Short,5630.50,5629.25,62.50,-562.50,30623.64,Profit
2025-05-07 14:34:01,2025-05-07 14:50:00,2025-05-07,Long,5629.25,5617.25,-600.00,-1162.50,30023.64,Loss
2025-05-07 14:51:01,2025-05-07 14:57:00,2025-05-07,Short,5614.75,5639.00,-1212.50,-2375.00,28811.14,Loss
2025-05-07 15:00:01,2025-05-07 15:18:00,2025-05-07,Long,5645.00,5634.00,-550.00,-2925.00,28261.14,Loss
2025-05-07 15:27:01,2025-05-07 15:42:00,2025-05-07,Short,5618.00,5643.75,-1287.50,-4212.50,26973.64,Loss
2025-05-07 15:43:01,2025-05-07 15:58:00,2025-05-07,Long,5664.75,5652.25,-625.00,-4837.50,26348.64,Loss
2025-05-08 09:40:01,2025-05-08 10:03:00,2025-05-08,Short,5678.50,5682.25,-187.50,-187.50,26161.14,Loss
2025-05-08 10:11:01,2025-05-08 10:25:00,2025-05-08,Short,5669.75,5674.75,-250.00,-437.50,25911.14,Loss
2025-05-08 10:27:01,2025-05-08 10:40:00,2025-05-08,Long,5679.25,5673.25,-300.00,-737.50,25611.14,Loss
2025-05-08 10:56:01,2025-05-08 11:09:00,2025-05-08,Short,5654.75,5673.50,-937.50,-1675.00,24673.64,Loss
2025-05-08 11:24:01,2025-05-08 13:20:56,2025-05-08,Long,5693.50,5726.30,1639.78,-35.22,26313.42,Profit
2025-05-08 15:26:01,2025-05-08 15:37:00,2025-05-08,Long,5729.75,5719.25,-525.00,-560.22,25788.42,Loss
2025-05-08 15:46:01,2025-05-08 15:58:00,2025-05-08,Short,5707.75,5685.50,1112.50,552.28,26900.92,Profit
2025-05-09 10:20:01,2025-05-09 12:00:00,2025-05-09,Short,5692.25,5690.75,75.00,75.00,26975.92,Profit
2025-05-09 12:09:01,2025-05-09 12:38:00,2025-05-09,Short,5677.25,5679.75,-125.00,-50.00,26850.92,Loss
2025-05-12 09:34:01,2025-05-12 10:06:00,2025-05-12,Short,5831.75,5831.25,25.00,25.00,26875.92,Profit
2025-05-12 10:28:01,2025-05-12 10:44:00,2025-05-12,Short,5821.75,5827.00,-262.50,-237.50,26613.42,Loss
2025-05-12 11:24:01,2025-05-12 11:35:00,2025-05-12,Short,5818.25,5826.50,-412.50,-650.00,26200.92,Loss
2025-05-14 09:51:01,2025-05-14 10:08:00,2025-05-14,Short,5901.50,5909.25,-387.50,-387.50,25813.42,Loss
2025-05-15 10:04:01,2025-05-15 10:13:00,2025-05-15,Long,5901.25,5894.25,-350.00,-350.00,25463.42,Loss
2025-05-19 09:33:01,2025-05-19 13:57:48,2025-05-19,Long,5921.00,5975.39,2719.32,2719.32,28182.74,Profit
2025-05-20 09:50:01,2025-05-20 09:57:00,2025-05-20,Short,5954.25,5961.50,-362.50,-362.50,27820.24,Loss
2025-05-20 14:29:01,2025-05-20 15:14:00,2025-05-20,Short,5938.75,5940.25,-75.00,-437.50,27745.24,Loss
2025-05-21 13:14:01,2025-05-21 15:58:00,2025-05-21,Short,5933.50,5865.75,3387.50,3387.50,31132.74,Profit
2025-05-22 09:35:01,2025-05-22 09:46:00,2025-05-22,Short,5846.25,5856.00,-487.50,-487.50,30645.24,Loss
2025-05-22 09:54:01,2025-05-22 10:18:00,2025-05-22,Long,5867.75,5867.75,0.00,-487.50,30645.24,Loss
2025-05-22 10:23:01,2025-05-22 11:02:00,2025-05-22,Short,5860.50,5859.50,50.00,-437.50,30695.24,Profit
2025-05-22 15:53:01,2025-05-22 15:58:00,2025-05-22,Short,5874.00,5857.50,825.00,387.50,31520.24,Profit
2025-05-23 09:33:01,2025-05-23 09:56:00,2025-05-23,Long,5790.75,5790.00,-37.50,-37.50,31482.74,Loss
2025-05-23 10:55:01,2025-05-23 11:19:00,2025-05-23,Short,5798.00,5804.00,-300.00,-337.50,31182.74,Loss
2025-05-23 11:23:01,2025-05-23 11:53:00,2025-05-23,Long,5809.25,5806.75,-125.00,-462.50,31057.74,Loss
2025-05-23 14:22:01,2025-05-23 14:34:00,2025-05-23,Short,5828.75,5836.75,-400.00,-862.50,30657.74,Loss
2025-05-23 15:52:01,2025-05-23 15:58:00,2025-05-23,Short,5819.00,5819.75,-37.50,-900.00,30620.24,Loss
2025-05-27 09:35:01,2025-05-27 09:51:00,2025-05-27,Short,5876.00,5885.75,-487.50,-487.50,30132.74,Loss
2025-05-28 15:53:01,2025-05-28 15:58:00,2025-05-28,Short,5901.75,5902.50,-37.50,-37.50,30095.24,Loss
2025-05-29 09:37:01,2025-05-29 12:57:31,2025-05-29,Short,5943.00,5920.27,1136.55,1136.55,31231.79,Profit
2025-05-30 09:52:01,2025-05-30 10:01:44,2025-05-30,Short,5887.25,5905.25,-900.00,-900.00,30331.79,Loss
2025-05-30 10:06:01,2025-05-30 10:53:00,2025-05-30,Long,5907.25,5907.50,12.50,-887.50,30344.29,Profit
2025-05-30 11:38:01,2025-05-30 11:56:00,2025-05-30,Short,5900.50,5905.75,-262.50,-1150.00,30081.79,Loss
2025-05-30 12:23:01,2025-05-30 13:35:32,2025-05-30,Short,5889.50,5883.85,282.41,-867.59,30364.20,Profit
2025-05-30 14:20:01,2025-05-30 14:45:00,2025-05-30,Long,5906.50,5900.25,-312.50,-1180.09,30051.70,Loss
2025-06-02 09:52:01,2025-06-02 10:21:00,2025-06-02,Short,5895.00,5894.25,37.50,37.50,30089.20,Profit
2025-06-02 10:24:01,2025-06-02 11:29:00,2025-06-02,Long,5902.25,5904.25,100.00,137.50,30189.20,Profit
2025-06-04 10:04:01,2025-06-04 10:19:00,2025-06-04,Short,5987.00,5990.00,-150.00,-150.00,30039.20,Loss
2025-06-05 09:34:01,2025-06-05 10:41:47,2025-06-05,Short,5984.00,5982.14,93.17,93.17,30132.37,Profit
2025-06-05 12:49:01,2025-06-05 13:12:00,2025-06-05,Short,5969.75,5977.75,-400.00,-306.83,29732.37,Loss
2025-06-05 14:17:01,2025-06-05 14:27:00,2025-06-05,Short,5953.25,5971.75,-925.00,-1231.83,28807.37,Loss
2025-06-05 15:16:01,2025-06-05 15:37:00,2025-06-05,Short,5953.00,5955.50,-125.00,-1356.83,28682.37,Loss
2025-06-05 15:42:01,2025-06-05 15:54:00,2025-06-05,Long,5961.25,5948.00,-662.50,-2019.33,28019.87,Loss
2025-06-05 15:55:01,2025-06-05 15:58:00,2025-06-05,Short,5944.75,5943.50,62.50,-1956.83,28082.37,Profit
2025-06-06 11:20:01,2025-06-06 11:48:00,2025-06-06,Short,5996.25,6001.75,-275.00,-275.00,27807.37,Loss
2025-06-11 14:04:01,2025-06-11 14:34:00,2025-06-11,Short,6025.25,6026.75,-75.00,-75.00,27732.37,Loss
2025-06-11 14:57:01,2025-06-11 15:26:00,2025-06-11,Short,6021.75,6024.25,-125.00,-200.00,27607.37,Loss
2025-06-13 09:35:01,2025-06-13 09:52:00,2025-06-13,Long,6009.00,6000.25,-437.50,-437.50,27169.87,Loss
2025-06-13 09:58:01,2025-06-13 10:38:00,2025-06-13,Short,5993.00,5991.50,75.00,-362.50,27244.87,Profit
2025-06-13 10:55:01,2025-06-13 12:44:41,2025-06-13,Long,6000.25,6016.27,800.88,438.38,28045.75,Profit
2025-06-13 14:08:01,2025-06-13 15:58:00,2025-06-13,Short,5998.25,5971.75,1325.00,1763.38,29370.75,Profit
2025-06-16 09:54:01,2025-06-16 11:56:12,2025-06-16,Long,6091.25,6094.73,173.90,173.90,29544.65,Profit
2025-06-17 13:51:01,2025-06-17 14:35:00,2025-06-17,Short,6042.50,6041.50,50.00,50.00,29594.65,Profit
2025-06-18 14:34:01,2025-06-18 14:51:00,2025-06-18,Long,6063.00,6054.25,-437.50,-437.50,29157.15,Loss
2025-06-18 14:57:01,2025-06-18 15:20:00,2025-06-18,Short,6037.50,6044.25,-337.50,-775.00,28819.65,Loss
2025-06-20 09:41:01,2025-06-20 09:49:33,2025-06-20,Long,6069.00,6055.75,-662.50,-662.50,28157.15,Loss
2025-06-20 09:52:01,2025-06-20 11:36:06,2025-06-20,Short,6051.25,6035.86,769.65,107.15,28926.80,Profit
2025-06-23 09:44:01,2025-06-23 10:59:57,2025-06-23,Long,6030.50,6039.85,467.35,467.35,29394.15,Profit
2025-06-23 12:37:01,2025-06-23 12:45:19,2025-06-23,Short,5998.75,6025.50,-1337.50,-870.15,28056.65,Loss
2025-06-23 13:12:01,2025-06-23 15:58:00,2025-06-23,Long,6035.50,6079.50,2200.00,1329.85,30256.65,Profit
2025-07-07 12:21:01,2025-07-07 13:11:00,2025-07-07,Short,6270.75,6272.00,-62.50,-62.50,30194.15,Loss
2025-07-07 14:24:01,2025-07-07 14:41:00,2025-07-07,Short,6249.25,6257.25,-400.00,-462.50,29794.15,Loss
2025-07-16 11:18:01,2025-07-16 11:55:49,2025-07-16,Short,6274.75,6284.04,-464.32,-464.32,29329.83,Loss
2025-07-16 11:57:01,2025-07-16 12:22:00,2025-07-16,Long,6283.25,6274.50,-437.50,-901.82,28892.33,Loss
2025-07-22 09:58:01,2025-07-22 10:18:00,2025-07-22,Short,6326.00,6329.25,-162.50,-162.50,28729.83,Loss
2025-07-30 14:42:01,2025-07-30 15:57:12,2025-07-30,Short,6411.25,6392.89,918.18,918.18,29648.01,Profit
2025-07-31 09:46:01,2025-07-31 09:52:48,2025-07-31,Short,6430.25,6444.25,-700.00,-700.00,28948.01,Loss
2025-07-31 09:54:01,2025-07-31 10:18:00,2025-07-31,Long,6446.50,6444.50,-100.00,-800.00,28848.01,Loss
2025-07-31 13:31:01,2025-07-31 14:32:00,2025-07-31,Short,6396.50,6398.75,-112.50,-912.50,28735.51,Loss
2025-07-31 15:24:01,2025-07-31 15:45:00,2025-07-31,Short,6382.00,6387.00,-250.00,-1162.50,28485.51,Loss
2025-07-31 15:51:01,2025-07-31 15:58:00,2025-07-31,Short,6373.00,6369.75,162.50,-1000.00,28648.01,Profit
2025-08-01 09:35:01,2025-08-01 10:33:28,2025-08-01,Short,6290.75,6286.74,200.38,200.38,28848.39,Profit
2025-08-01 11:41:01,2025-08-01 12:41:00,2025-08-01,Long,6277.50,6279.50,100.00,300.38,28948.39,Profit
2025-08-01 12:56:01,2025-08-01 14:27:29,2025-08-01,Short,6267.75,6262.33,271.25,571.63,29219.64,Profit
2025-08-01 14:28:01,2025-08-01 14:53:00,2025-08-01,Long,6263.50,6260.75,-137.50,434.13,29082.14,Loss
2025-08-01 14:57:01,2025-08-01 15:14:00,2025-08-01,Short,6259.75,6263.75,-200.00,234.13,28882.14,Loss
2025-08-01 15:50:01,2025-08-01 15:58:00,2025-08-01,Long,6275.25,6270.50,-237.50,-3.37,28644.64,Loss
2025-08-05 10:02:01,2025-08-05 12:22:35,2025-08-05,Short,6354.75,6335.76,949.56,949.56,29594.20,Profit
2025-08-06 09:55:01,2025-08-06 10:17:00,2025-08-06,Long,6341.50,6338.75,-137.50,-137.50,29456.70,Loss
2025-08-06 10:22:01,2025-08-06 10:37:00,2025-08-06,Short,6336.50,6342.50,-300.00,-437.50,29156.70,Loss
2025-08-06 10:39:01,2025-08-06 12:47:36,2025-08-06,Long,6343.75,6363.62,993.63,556.13,30150.33,Profit
2025-08-07 09:47:01,2025-08-07 09:58:00,2025-08-07,Short,6398.50,6408.00,-475.00,-475.00,29675.33,Loss
2025-08-07 10:11:01,2025-08-07 14:57:00,2025-08-07,Short,6390.25,6351.67,1929.10,1454.10,31604.43,Profit
2025-08-12 09:38:01,2025-08-12 09:44:40,2025-08-12,Long,6434.75,6419.75,-750.00,-750.00,30854.43,Loss
2025-08-12 09:50:01,2025-08-12 10:08:00,2025-08-12,Short,6416.75,6427.75,-550.00,-1300.00,30304.43,Loss
2025-08-12 10:18:01,2025-08-12 15:58:00,2025-08-12,Long,6433.25,6468.50,1762.50,462.50,32066.93,Profit
2025-08-20 09:52:01,2025-08-20 11:15:07,2025-08-20,Short,6399.25,6382.79,823.09,823.09,32890.02,Profit
2025-08-20 14:06:01,2025-08-20 14:35:00,2025-08-20,Short,6392.75,6396.25,-175.00,648.09,32715.02,Loss
2025-08-21 09:47:01,2025-08-21 09:55:00,2025-08-21,Short,6377.25,6391.00,-687.50,-687.50,32027.52,Loss
2025-08-21 10:13:01,2025-08-21 10:37:00,2025-08-21,Long,6405.50,6403.75,-87.50,-775.00,31940.02,Loss
2025-08-21 11:36:01,2025-08-21 11:50:00,2025-08-21,Long,6406.25,6401.75,-225.00,-1000.00,31715.02,Loss
2025-08-22 09:59:01,2025-08-22 10:00:00,2025-08-22,Short,6412.00,6414.25,-112.50,-112.50,31602.52,Loss
2025-08-22 10:02:01,2025-08-22 12:15:26,2025-08-22,Long,6463.75,6481.74,899.47,786.97,32501.99,Profit
2025-08-28 09:51:01,2025-08-28 10:11:00,2025-08-28,Short,6488.00,6492.00,-200.00,-200.00,32301.99,Loss
2025-08-29 10:05:01,2025-08-29 10:32:00,2025-08-29,Short,6470.50,6470.75,-12.50,-12.50,32289.49,Loss
2025-09-02 09:52:01,2025-09-02 10:25:00,2025-09-02,Long,6411.00,6407.25,-187.50,-187.50,32101.99,Loss
2025-09-02 10:48:01,2025-09-02 12:42:56,2025-09-02,Short,6399.75,6385.61,707.05,519.55,32809.04,Profit
2025-09-05 10:02:01,2025-09-05 11:38:32,2025-09-05,Short,6519.00,6485.22,1688.91,1688.91,34497.95,Profit
2025-09-05 11:59:01,2025-09-05 12:11:00,2025-09-05,Short,6473.50,6482.00,-425.00,1263.91,34072.95,Loss
2025-09-17 14:03:01,2025-09-17 14:13:56,2025-09-17,Long,6678.50,6655.50,-1150.00,-1150.00,32922.95,Loss
2025-09-17 14:15:01,2025-09-17 14:27:00,2025-09-17,Short,6647.00,6663.25,-812.50,-1962.50,32110.45,Loss
2025-09-17 14:45:01,2025-09-17 15:01:00,2025-09-17,Short,6636.00,6649.00,-650.00,-2612.50,31460.45,Loss
2025-09-17 15:05:01,2025-09-17 15:52:00,2025-09-17,Long,6657.25,6658.50,62.50,-2550.00,31522.95,Profit
2025-09-18 09:43:01,2025-09-18 09:53:00,2025-09-18,Short,6678.50,6687.00,-425.00,-425.00,31097.95,Loss
2025-09-18 10:01:01,2025-09-18 10:52:03,2025-09-18,Long,6691.50,6700.10,429.83,4.83,31527.78,Profit
2025-09-25 10:05:01,2025-09-25 11:07:35,2025-09-25,Long,6650.50,6655.55,252.39,252.39,31780.17,Profit
2025-09-26 09:43:01,2025-09-26 10:07:00,2025-09-26,Long,6692.00,6682.25,-487.50,-487.50,31292.67,Loss
2025-09-26 10:08:01,2025-09-26 10:41:00,2025-09-26,Short,6677.50,6675.75,87.50,-400.00,31380.17,Profit
2025-09-26 10:41:01,2025-09-26 10:49:00,2025-09-26,Long,6675.75,6666.75,-450.00,-850.00,30930.17,Loss
2025-09-26 11:27:01,2025-09-26 11:43:00,2025-09-26,Long,6674.25,6670.75,-175.00,-1025.00,30755.17,Loss
2025-10-01 09:53:01,2025-10-01 10:05:00,2025-10-01,Short,6710.00,6720.25,-512.50,-512.50,30242.67,Loss
2025-10-07 11:10:01,2025-10-07 12:02:00,2025-10-07,Short,6760.00,6758.25,87.50,87.50,30330.17,Profit
2025-10-10 10:59:01,2025-10-10 15:58:00,2025-10-10,Short,6764.25,6597.75,8325.00,8325.00,38655.17,Profit
2025-10-13 10:23:01,2025-10-13 10:37:00,2025-10-13,Short,6672.75,6684.00,-562.50,-562.50,38092.67,Loss
2025-10-13 10:53:01,2025-10-13 11:11:00,2025-10-13,Short,6668.50,6676.75,-412.50,-975.00,37680.17,Loss
2025-10-13 11:13:01,2025-10-13 13:16:37,2025-10-13,Long,6679.00,6697.40,919.87,-55.13,38600.04,Profit
2025-10-14 09:35:01,2025-10-14 09:56:00,2025-10-14,Short,6621.50,6627.00,-275.00,-275.00,38325.04,Loss
2025-10-14 09:56:01,2025-10-14 15:34:36,2025-10-14,Long,6627.00,6706.16,3957.99,3682.99,42283.03,Profit
2025-10-14 15:41:01,2025-10-14 15:58:00,2025-10-14,Short,6688.50,6685.75,137.50,3820.49,42420.53,Profit
2025-10-15 09:58:01,2025-10-15 11:11:00,2025-10-15,Long,6747.25,6749.25,100.00,100.00,42520.53,Profit
2025-10-15 11:36:01,2025-10-15 13:45:32,2025-10-15,Short,6728.75,6695.99,1638.10,1738.10,44158.63,Profit
2025-10-15 13:48:01,2025-10-15 15:36:49,2025-10-15,Long,6696.75,6707.40,532.35,2270.45,44690.98,Profit
2025-10-16 10:13:01,2025-10-16 10:19:00,2025-10-16,Short,6719.00,6732.00,-650.00,-650.00,44040.98,Loss
2025-10-16 11:27:01,2025-10-16 13:18:43,2025-10-16,Short,6726.25,6704.45,1089.76,439.76,45130.74,Profit
2025-10-16 13:43:01,2025-10-16 15:10:46,2025-10-16,Short,6680.00,6670.45,477.43,917.19,45608.17,Profit
2025-10-16 15:18:01,2025-10-16 15:41:00,2025-10-16,Short,6649.75,6655.00,-262.50,654.69,45345.67,Loss
2025-10-16 15:51:01,2025-10-16 15:58:00,2025-10-16,Long,6666.75,6661.50,-262.50,392.19,45083.17,Loss
2025-10-17 09:53:01,2025-10-17 10:35:00,2025-10-17,Long,6670.25,6671.25,50.00,50.00,45133.17,Profit
2025-10-17 10:59:01,2025-10-17 11:06:00,2025-10-17,Short,6655.25,6670.75,-775.00,-725.00,44358.17,Loss
2025-10-17 11:24:01,2025-10-17 11:41:00,2025-10-17,Short,6648.00,6663.50,-775.00,-1500.00,43583.17,Loss
2025-10-17 11:43:01,2025-10-17 13:11:17,2025-10-17,Long,6663.25,6670.03,338.96,-1161.04,43922.13,Profit
2025-10-17 13:36:01,2025-10-17 13:44:00,2025-10-17,Long,6681.00,6670.75,-512.50,-1673.54,43409.63,Loss
2025-10-17 13:55:01,2025-10-17 15:58:00,2025-10-17,Long,6688.50,6705.25,837.50,-836.04,44247.13,Profit
2025-10-22 10:31:01,2025-10-22 10:58:00,2025-10-22,Short,6751.25,6754.50,-162.50,-162.50,44084.63,Loss
2025-10-22 11:00:01,2025-10-22 11:16:00,2025-10-22,Long,6759.75,6755.75,-200.00,-362.50,43884.63,Loss
2025-10-22 11:23:01,2025-10-22 11:45:00,2025-10-22,Short,6740.50,6744.50,-200.00,-562.50,43684.63,Loss
2025-10-22 11:47:01,2025-10-22 12:03:00,2025-10-22,Long,6750.25,6742.50,-387.50,-950.00,43297.13,Loss
2025-10-22 12:22:01,2025-10-22 12:46:00,2025-10-22,Short,6735.25,6734.00,62.50,-887.50,43359.63,Profit
2025-10-22 13:16:01,2025-10-22 14:24:00,2025-10-22,Short,6718.50,6717.25,62.50,-825.00,43422.13,Profit
2025-10-22 14:25:01,2025-10-22 14:53:00,2025-10-22,Long,6718.75,6713.00,-287.50,-1112.50,43134.63,Loss
2025-10-22 15:09:01,2025-10-22 15:58:00,2025-10-22,Long,6729.50,6734.50,250.00,-862.50,43384.63,Profit
2025-10-23 09:51:01,2025-10-23 10:08:00,2025-10-23,Long,6764.75,6752.50,-612.50,-612.50,42772.13,Loss
2025-10-23 10:12:01,2025-10-23 10:27:00,2025-10-23,Short,6748.00,6755.50,-375.00,-987.50,42397.13,Loss
2025-10-29 14:38:01,2025-10-29 14:56:00,2025-10-29,Short,6905.50,6919.00,-675.00,-675.00,41722.13,Loss
2025-10-30 09:37:01,2025-10-30 09:48:17,2025-10-30,Short,6871.75,6895.50,-1187.50,-1187.50,40534.63,Loss
2025-10-30 09:49:01,2025-10-30 10:13:00,2025-10-30,Long,6896.00,6896.25,12.50,-1175.00,40547.13,Profit
2025-10-30 10:44:01,2025-10-30 10:52:00,2025-10-30,Long,6911.00,6894.50,-825.00,-2000.00,39722.13,Loss
2025-10-31 09:46:01,2025-10-31 10:19:00,2025-10-31,Short,6881.50,6885.50,-200.00,-200.00,39522.13,Loss
2025-10-31 11:50:01,2025-10-31 12:33:00,2025-10-31,Short,6876.75,6876.00,37.50,-162.50,39559.63,Profit
2025-10-31 12:33:01,2025-10-31 12:42:00,2025-10-31,Long,6876.00,6862.00,-700.00,-862.50,38859.63,Loss
2025-10-31 12:44:01,2025-10-31 13:47:00,2025-10-31,Short,6862.00,6860.00,100.00,-762.50,38959.63,Profit
2025-10-31 13:47:01,2025-10-31 15:54:51,2025-10-31,Long,6860.00,6883.73,1186.26,423.76,40145.89,Profit
2025-11-03 10:27:01,2025-11-03 10:42:00,2025-11-03,Short,6856.75,6867.75,-550.00,-550.00,39595.89,Loss
2025-11-03 10:45:01,2025-11-03 11:27:00,2025-11-03,Long,6869.75,6870.75,50.00,-500.00,39645.89,Profit
2025-11-04 09:35:01,2025-11-04 09:41:58,2025-11-04,Short,6798.75,6814.75,-800.00,-800.00,38845.89,Loss
2025-11-04 09:43:01,2025-11-04 10:55:51,2025-11-04,Long,6816.00,6830.68,733.83,-66.17,39579.72,Profit
2025-11-05 09:49:01,2025-11-05 14:06:44,2025-11-05,Long,6809.00,6849.54,2027.08,2027.08,41606.80,Profit
2025-11-06 09:52:01,2025-11-06 12:51:39,2025-11-06,Short,6801.50,6761.29,2010.69,2010.69,43617.49,Profit
2025-11-06 13:06:01,2025-11-06 13:25:00,2025-11-06,Short,6744.50,6752.50,-400.00,1610.69,43217.49,Loss
2025-11-06 13:26:01,2025-11-06 15:32:16,2025-11-06,Long,6754.50,6764.31,490.45,2101.14,43707.94,Profit
2025-11-06 15:47:01,2025-11-06 15:58:00,2025-11-06,Short,6753.50,6749.25,212.50,2313.64,43920.44,Profit
2025-11-07 09:37:01,2025-11-07 09:56:00,2025-11-07,Short,6700.25,6705.75,-275.00,-275.00,43645.44,Loss
2025-11-07 11:17:01,2025-11-07 11:24:00,2025-11-07,Short,6667.00,6678.00,-550.00,-825.00,43095.44,Loss
2025-11-07 12:15:01,2025-11-07 12:49:00,2025-11-07,Long,6669.25,6667.50,-87.50,-912.50,43007.94,Loss
2025-11-07 12:51:01,2025-11-07 12:57:00,2025-11-07,Short,6666.00,6680.25,-712.50,-1625.00,42295.44,Loss
2025-11-07 13:00:01,2025-11-07 15:58:00,2025-11-07,Long,6683.25,6750.00,3337.50,1712.50,45632.94,Profit
2025-11-10 11:01:01,2025-11-10 11:56:00,2025-11-10,Short,6801.50,6801.25,12.50,12.50,45645.44,Profit
2025-11-11 10:18:01,2025-11-11 10:32:00,2025-11-11,Short,6835.00,6838.75,-187.50,-187.50,45457.94,Loss
2025-11-12 10:16:01,2025-11-12 11:33:00,2025-11-12,Short,6872.50,6871.50,50.00,50.00,45507.94,Profit
2025-11-13 09:37:01,2025-11-13 10:01:00,2025-11-13,Short,6833.25,6832.25,50.00,50.00,45557.94,Profit
2025-11-13 10:13:01,2025-11-13 10:27:00,2025-11-13,Long,6844.50,6833.75,-537.50,-487.50,45020.44,Loss
2025-11-13 10:29:01,2025-11-13 15:58:00,2025-11-13,Short,6829.75,6757.75,3600.00,3112.50,48620.44,Profit
2025-11-14 09:33:01,2025-11-14 09:38:47,2025-11-14,Short,6673.75,6700.75,-1350.00,-1350.00,47270.44,Loss
2025-11-14 09:45:01,2025-11-14 12:50:42,2025-11-14,Long,6705.25,6774.56,3465.57,2115.57,50736.01,Profit
2025-11-14 12:51:01,2025-11-14 13:15:00,2025-11-14,Short,6774.50,6781.50,-350.00,1765.57,50386.01,Loss
2025-11-14 13:43:01,2025-11-14 13:53:51,2025-11-14,Short,6756.75,6772.25,-775.00,990.57,49611.01,Loss
2025-11-14 13:54:01,2025-11-14 14:09:00,2025-11-14,Long,6773.00,6763.25,-487.50,503.07,49123.51,Loss
2025-11-14 14:48:01,2025-11-14 15:09:00,2025-11-14,Long,6786.00,6778.00,-400.00,103.07,48723.51,Loss
2025-11-14 15:15:01,2025-11-14 15:58:00,2025-11-14,Short,6775.50,6752.75,1137.50,1240.57,49861.01,Profit
2025-11-17 09:36:01,2025-11-17 10:05:00,2025-11-17,Long,6753.00,6753.00,0.00,0.00,49861.01,Loss
2025-11-17 10:05:01,2025-11-17 10:30:00,2025-11-17,Short,6753.00,6758.25,-262.50,-262.50,49598.51,Loss
2025-11-17 11:03:01,2025-11-17 11:29:00,2025-11-17,Short,6736.50,6737.00,-25.00,-287.50,49573.51,Loss
2025-11-17 11:29:01,2025-11-17 12:41:02,2025-11-17,Long,6737.00,6748.47,573.33,285.83,50146.84,Profit
2025-11-17 12:42:01,2025-11-17 15:47:06,2025-11-17,Short,6747.50,6686.55,3047.68,3333.51,53194.52,Profit
2025-11-17 15:48:01,2025-11-17 15:58:00,2025-11-17,Long,6686.50,6688.75,112.50,3446.01,53307.02,Profit
2025-11-18 09:34:01,2025-11-18 09:43:00,2025-11-18,Long,6673.50,6657.25,-812.50,-812.50,52494.52,Loss
2025-11-18 09:51:01,2025-11-18 11:25:23,2025-11-18,Short,6643.50,6642.20,65.05,-747.45,52559.57,Profit
2025-11-18 11:26:01,2025-11-18 11:53:00,2025-11-18,Long,6644.00,6644.25,12.50,-734.95,52572.07,Profit
2025-11-18 12:29:01,2025-11-18 12:39:51,2025-11-18,Short,6621.75,6646.00,-1212.50,-1947.45,51359.57,Loss
2025-11-18 12:40:01,2025-11-18 15:28:00,2025-11-18,Long,6647.00,6653.00,299.83,-1647.62,51659.40,Profit
2025-11-18 15:28:01,2025-11-18 15:58:00,2025-11-18,Short,6652.75,6644.50,412.50,-1235.12,52071.90,Profit
2025-11-19 09:37:01,2025-11-19 10:50:02,2025-11-19,Long,6656.25,6681.03,1238.99,1238.99,53310.89,Profit
2025-11-19 10:51:01,2025-11-19 13:37:16,2025-11-19,Short,6678.00,6661.96,801.80,2040.79,54112.69,Profit
2025-11-19 14:27:01,2025-11-19 14:52:00,2025-11-19,Short,6632.25,6641.50,-462.50,1578.29,53650.19,Loss
2025-11-19 14:53:01,2025-11-19 15:58:00,2025-11-19,Long,6642.00,6661.00,950.00,2528.29,54600.19,Profit
2025-11-20 10:09:01,2025-11-20 10:22:00,2025-11-20,Short,6767.25,6775.00,-387.50,-387.50,54212.69,Loss
2025-11-20 10:25:01,2025-11-20 10:49:00,2025-11-20,Long,6783.00,6777.00,-300.00,-687.50,53912.69,Loss
2025-11-20 10:50:01,2025-11-20 13:13:05,2025-11-20,Short,6776.50,6642.05,6722.61,6035.11,60635.30,Profit
2025-11-20 13:14:01,2025-11-20 13:28:00,2025-11-20,Long,6642.75,6625.25,-875.00,5160.11,59760.30,Loss
2025-11-20 13:38:01,2025-11-20 14:57:56,2025-11-20,Short,6610.00,6611.53,-76.75,5083.36,59683.55,Loss
2025-11-20 14:59:01,2025-11-20 15:07:00,2025-11-20,Long,6612.25,6601.50,-537.50,4545.86,59146.05,Loss
2025-11-20 15:36:01,2025-11-20 15:58:00,2025-11-20,Short,6580.00,6561.25,937.50,5483.36,60083.55,Profit
2025-11-21 10:37:01,2025-11-21 10:48:00,2025-11-21,Short,6544.75,6569.75,-1250.00,-1250.00,58833.55,Loss
2025-11-21 11:23:01,2025-11-21 13:04:51,2025-11-21,Long,6574.75,6618.06,2165.35,915.35,60998.90,Profit
2025-11-21 13:06:01,2025-11-21 13:31:00,2025-11-21,Short,6614.50,6620.00,-275.00,640.35,60723.90,Loss
2025-11-21 13:32:01,2025-11-21 14:47:21,2025-11-21,Long,6624.25,6651.41,1357.76,1998.11,62081.66,Profit
2025-11-21 14:57:01,2025-11-21 15:58:00,2025-11-21,Short,6649.25,6615.25,1700.00,3698.11,63781.66,Profit
2025-11-24 09:35:01,2025-11-24 09:44:32,2025-11-24,Long,6681.75,6659.00,-1137.50,-1137.50,62644.16,Loss
2025-11-24 09:51:01,2025-11-24 10:00:00,2025-11-24,Short,6649.75,6671.25,-1075.00,-2212.50,61569.16,Loss
2025-11-24 10:02:01,2025-11-24 12:12:40,2025-11-24,Long,6678.25,6700.92,1133.37,-1079.13,62702.53,Profit
2025-11-25 09:44:01,2025-11-25 09:59:00,2025-11-25,Short,6703.00,6714.50,-575.00,-575.00,62127.53,Loss
2025-11-25 09:59:01,2025-11-25 10:03:50,2025-11-25,Long,6714.50,6693.00,-1075.00,-1650.00,61052.53,Loss
2025-11-25 10:32:01,2025-11-25 10:56:00,2025-11-25,Long,6724.50,6720.75,-187.50,-1837.50,60865.03,Loss
2025-12-01 09:52:01,2025-12-01 10:16:00,2025-12-01,Long,6833.00,6831.25,-87.50,-87.50,60777.53,Loss
2025-12-01 10:35:01,2025-12-01 10:45:00,2025-12-01,Short,6816.75,6826.75,-500.00,-587.50,60277.53,Loss
2025-12-01 10:53:01,2025-12-01 11:11:00,2025-12-01,Long,6839.50,6834.00,-275.00,-862.50,60002.53,Loss
2025-12-01 11:16:01,2025-12-01 11:23:00,2025-12-01,Short,6829.75,6835.25,-275.00,-1137.50,59727.53,Loss
2025-12-02 09:55:01,2025-12-02 10:00:00,2025-12-02,Short,6840.75,6848.25,-375.00,-375.00,59352.53,Loss
2025-12-02 10:33:01,2025-12-02 10:44:00,2025-12-02,Short,6838.75,6853.00,-712.50,-1087.50,58640.03,Loss
2025-12-02 10:44:01,2025-12-02 11:10:00,2025-12-02,Long,6853.00,6851.75,-62.50,-1150.00,58577.53,Loss
2025-12-02 11:11:01,2025-12-02 12:19:18,2025-12-02,Short,6849.75,6846.96,139.30,-1010.70,58716.83,Profit
2025-12-03 10:04:01,2025-12-03 10:14:00,2025-12-03,Long,6845.00,6832.75,-612.50,-612.50,58104.33,Loss
2025-12-03 10:36:01,2025-12-03 10:57:00,2025-12-03,Long,6851.25,6845.00,-312.50,-925.00,57791.83,Loss
2025-12-04 09:47:01,2025-12-04 10:21:00,2025-12-04,Short,6859.00,6858.25,37.50,37.50,57829.33,Profit
2025-12-04 10:38:01,2025-12-04 10:51:00,2025-12-04,Long,6866.50,6857.25,-462.50,-425.00,57366.83,Loss

=== Daily Summary ===
Date,Daily P/L
2025-01-02,-1318.26
2025-01-03,-1228.55
2025-01-06,367.48
2025-01-07,-1587.50
2025-01-08,-1987.50
2025-01-10,1407.59
2025-01-13,250.00
2025-01-14,-1662.50
2025-01-15,-262.50
2025-01-16,-525.00
2025-01-21,-637.50
2025-01-27,-1514.41
2025-01-28,353.00
2025-01-29,-2975.00
2025-01-30,-1997.13
2025-01-31,2600.00
2025-02-03,193.85
2025-02-04,629.21
2025-02-05,-587.50
2025-02-07,1303.15
2025-02-12,-912.50
2025-02-20,-750.00
2025-02-21,-212.50
2025-02-24,835.81
2025-02-25,940.93
2025-02-26,1391.46
2025-02-27,388.92
2025-02-28,1139.13
2025-03-03,427.76
2025-03-04,4045.03
2025-03-05,-3538.04
2025-03-06,318.28
2025-03-07,3227.56
2025-03-10,-749.96
2025-03-11,1425.26
2025-03-12,844.07
2025-03-13,699.77
2025-03-14,86.55
2025-03-17,-2075.00
2025-03-18,-602.33
2025-03-19,557.66
2025-03-20,1851.97
2025-03-21,-1196.96
2025-03-24,-100.00
2025-03-26,-250.00
2025-03-27,-278.80
2025-03-28,2655.44
2025-03-31,675.00
2025-04-01,1127.14
2025-04-02,3759.32
2025-04-03,-988.92
2025-04-04,-1849.75
2025-04-07,-5744.47
2025-04-08,11412.50
2025-04-09,9386.63
2025-04-10,415.02
2025-04-11,2037.50
2025-04-14,2066.65
2025-04-15,-287.50
2025-04-16,4895.66
2025-04-17,-1012.50
2025-04-21,4845.38
2025-04-22,1881.48
2025-04-23,-882.07
2025-04-24,3815.13
2025-04-25,-4337.50
2025-04-28,-469.98
2025-04-29,-575.00
2025-04-30,1738.73
2025-05-01,312.50
2025-05-02,-912.50
2025-05-05,-350.00
2025-05-06,-762.75
2025-05-07,-4837.50
2025-05-08,552.28
2025-05-09,-50.00
2025-05-12,-650.00
2025-05-14,-387.50
2025-05-15,-350.00
2025-05-19,2719.32
2025-05-20,-437.50
2025-05-21,3387.50
2025-05-22,387.50
2025-05-23,-900.00
2025-05-27,-487.50
2025-05-28,-37.50
2025-05-29,1136.55
2025-05-30,-1180.09
2025-06-02,137.50
2025-06-04,-150.00
2025-06-05,-1956.83
2025-06-06,-275.00
2025-06-11,-200.00
2025-06-13,1763.38
2025-06-16,173.90
2025-06-17,50.00
2025-06-18,-775.00
2025-06-20,107.15
2025-06-23,1329.85
2025-07-07,-462.50
2025-07-16,-901.82
2025-07-22,-162.50
2025-07-30,918.18
2025-07-31,-1000.00
2025-08-01,-3.37
2025-08-05,949.56
2025-08-06,556.13
2025-08-07,1454.10
2025-08-12,462.50
2025-08-20,648.09
2025-08-21,-1000.00
2025-08-22,786.97
2025-08-28,-200.00
2025-08-29,-12.50
2025-09-02,519.55
2025-09-05,1263.91
2025-09-17,-2550.00
2025-09-18,4.83
2025-09-25,252.39
2025-09-26,-1025.00
2025-10-01,-512.50
2025-10-07,87.50
2025-10-10,8325.00
2025-10-13,-55.13
2025-10-14,3820.49
2025-10-15,2270.45
2025-10-16,392.19
2025-10-17,-836.04
2025-10-22,-862.50
2025-10-23,-987.50
2025-10-29,-675.00
2025-10-30,-2000.00
2025-10-31,423.76
2025-11-03,-500.00
2025-11-04,-66.17
2025-11-05,2027.08
2025-11-06,2313.64
2025-11-07,1712.50
2025-11-10,12.50
2025-11-11,-187.50
2025-11-12,50.00
2025-11-13,3112.50
2025-11-14,1240.57
2025-11-17,3446.01
2025-11-18,-1235.12
2025-11-19,2528.29
2025-11-20,5483.36
2025-11-21,3698.11
2025-11-24,-1079.13
2025-11-25,-1837.50
2025-12-01,-1137.50
2025-12-02,-1010.70
2025-12-03,-925.00
2025-12-04,-425.00

Total P/L,57366.83
